title,view,score,url
파이썬 배우기,25591,5,http://www.kocw.net/home/search/kemView.do?kemId=1269077
라즈베리 파이 환경에서의 파이썬 기반 영상분석,25834,1.2,http://www.kocw.net/home/search/kemView.do?kemId=1266483
파이썬 데이터 분석,481,-1,http://www.kocw.net/home/search/kemView.do?kemId=1363722
파이썬 프로그래밍,15811,4,http://www.kocw.net/home/search/kemView.do?kemId=1350990
예제 중심의 파이썬 프로그래밍 (기초편),17598,4,http://www.kocw.net/home/search/kemView.do?kemId=1265892
파이썬 기초 문법과 활용,18033,5,http://www.kocw.net/home/search/kemView.do?kemId=1265070
빅데이터 프로그래밍,16573,-1,http://www.kocw.net/home/search/kemView.do?kemId=1285173
프로그래밍언어,41702,-1,http://www.kocw.net/home/search/kemView.do?kemId=1107633
IoT 시스템 파헤쳐보기,15068,-1,http://www.kocw.net/home/search/kemView.do?kemId=1265774
Python기반 코딩교육,26515,4.5,http://www.kocw.net/home/search/kemView.do?kemId=1305102
수치해석,8679,5,http://www.kocw.net/home/search/kemView.do?kemId=1297704
머신러닝 설계,5501,5,http://www.kocw.net/home/search/kemView.do?kemId=1320838
빅데이터 개론 및 데이터 분석 기법,10357,4,http://www.kocw.net/home/search/kemView.do?kemId=1319487
Python기반 코딩교육,26516,4.5,http://www.kocw.net/home/search/kemView.do?kemId=1305102
예제 중심의 파이썬 프로그래밍 (기초편),17599,4,http://www.kocw.net/home/search/kemView.do?kemId=1265892
파이썬 프로그래밍,15812,4,http://www.kocw.net/home/search/kemView.do?kemId=1350990
파이썬 배우기,25592,5,http://www.kocw.net/home/search/kemView.do?kemId=1269077
파이썬 기초 문법과 활용,18034,5,http://www.kocw.net/home/search/kemView.do?kemId=1265070
인공지능,10999,4.2,http://www.kocw.net/home/search/kemView.do?kemId=1279567
프로그래밍언어,41703,-1,http://www.kocw.net/home/search/kemView.do?kemId=1107633
빅데이터 프로그래밍,16574,-1,http://www.kocw.net/home/search/kemView.do?kemId=1285173
데이터 통신과 컴퓨터 네트워크,1978,-1,http://www.kocw.net/home/search/kemView.do?kemId=1357811
빅데이터분산컴퓨팅,29197,4.5,http://www.kocw.net/home/search/kemView.do?kemId=1174002
베이지안통계학,4667,4,http://www.kocw.net/home/search/kemView.do?kemId=1330253
기초 JAVA 언어,3890,-1,http://www.kocw.net/home/search/kemView.do?kemId=1346878
프로그래밍: Java를 활용한,7930,5,http://www.kocw.net/home/search/kemView.do?kemId=1335217
JAVA프로그래밍2,625,-1,http://www.kocw.net/home/search/kemView.do?kemId=1360782
JAVA프로그래밍1,959,5,http://www.kocw.net/home/search/kemView.do?kemId=1359936
JAVA프로그래밍,30062,2,http://www.kocw.net/home/search/kemView.do?kemId=613298
자바 프로그래밍응용,25966,4.5,http://www.kocw.net/home/search/kemView.do?kemId=370684
자바프로그래밍,23986,-1,http://www.kocw.net/home/search/kemView.do?kemId=1153491
"자바, 조금 더 공부하기",9107,-1,http://www.kocw.net/home/search/kemView.do?kemId=1319747
"자바프로그래밍, 모바일프로그래밍(선후수 연계교과목)",24472,-1,http://www.kocw.net/home/search/kemView.do?kemId=949151
자바와 함께하는 프로그래밍 기초,18970,-1,http://www.kocw.net/home/search/kemView.do?kemId=1188787
프로그래밍 기초,4134,-1,http://www.kocw.net/home/search/kemView.do?kemId=1351017
객체지향프로그래밍,30464,2,http://www.kocw.net/home/search/kemView.do?kemId=1216847
자료구조,9029,5,http://www.kocw.net/home/search/kemView.do?kemId=1300425
XML이론 및 실습,18372,-1,http://www.kocw.net/home/search/kemView.do?kemId=1145945
웹프로그래밍 응용,17886,1,http://www.kocw.net/home/search/kemView.do?kemId=1005373
객체지향언어2,12544,5,http://www.kocw.net/home/search/kemView.do?kemId=1192791
웹프로그래밍 설계 및 실습,34565,5,http://www.kocw.net/home/search/kemView.do?kemId=1132799
데이터마이닝,9822,-1,http://www.kocw.net/home/search/kemView.do?kemId=1270437
희망스토리 사회적기업,61395,-1,http://www.kocw.net/home/search/kemView.do?kemId=429503
알고리즘,34294,5,http://www.kocw.net/home/search/kemView.do?kemId=1148815
모바일 앱 만들기,9699,2.5,http://www.kocw.net/home/search/kemView.do?kemId=1309811
자바 프로그래밍응용,25967,4.5,http://www.kocw.net/home/search/kemView.do?kemId=370684
자바프로그래밍,23987,-1,http://www.kocw.net/home/search/kemView.do?kemId=1153491
"자바프로그래밍, 모바일프로그래밍(선후수 연계교과목)",24473,-1,http://www.kocw.net/home/search/kemView.do?kemId=949151
자바와 함께하는 프로그래밍 기초,18971,-1,http://www.kocw.net/home/search/kemView.do?kemId=1188787
"자바, 조금 더 공부하기",9108,-1,http://www.kocw.net/home/search/kemView.do?kemId=1319747
기초 JAVA 언어,3891,-1,http://www.kocw.net/home/search/kemView.do?kemId=1346878
프로그래밍: Java를 활용한,7931,5,http://www.kocw.net/home/search/kemView.do?kemId=1335217
JAVA프로그래밍1,960,5,http://www.kocw.net/home/search/kemView.do?kemId=1359936
JAVA프로그래밍2,626,-1,http://www.kocw.net/home/search/kemView.do?kemId=1360782
JAVA프로그래밍,30063,2,http://www.kocw.net/home/search/kemView.do?kemId=613298
프로그래밍 기초,4135,-1,http://www.kocw.net/home/search/kemView.do?kemId=1351017
객체지향프로그래밍,30465,2,http://www.kocw.net/home/search/kemView.do?kemId=1216847
웹프로그래밍 응용,17887,1,http://www.kocw.net/home/search/kemView.do?kemId=1005373
객체지향언어2,12545,5,http://www.kocw.net/home/search/kemView.do?kemId=1192791
자료구조,9030,5,http://www.kocw.net/home/search/kemView.do?kemId=1300425
웹프로그래밍 설계 및 실습,34566,5,http://www.kocw.net/home/search/kemView.do?kemId=1132799
데이터마이닝,9823,-1,http://www.kocw.net/home/search/kemView.do?kemId=1270437
희망스토리 사회적기업,61396,-1,http://www.kocw.net/home/search/kemView.do?kemId=429503
알고리즘,34295,5,http://www.kocw.net/home/search/kemView.do?kemId=1148815
모바일 앱 만들기,9700,2.5,http://www.kocw.net/home/search/kemView.do?kemId=1309811
XML이론 및 실습,18373,-1,http://www.kocw.net/home/search/kemView.do?kemId=1145945
C언어프로그래밍1,57862,4,http://www.kocw.net/home/search/kemView.do?kemId=1212436
C언어기초,45569,3.2,http://www.kocw.net/home/search/kemView.do?kemId=1308462
C언어프로그래밍,46452,5,http://www.kocw.net/home/search/kemView.do?kemId=329452
C언어프로그래밍,64149,4.8,http://www.kocw.net/home/search/kemView.do?kemId=1124895
C언어 기초,69029,2.8,http://www.kocw.net/home/search/kemView.do?kemId=670267
C언어프로그래밍(1),522,-1,http://www.kocw.net/home/search/kemView.do?kemId=1360498
C언어기초,45389,-1,http://www.kocw.net/home/search/kemView.do?kemId=1014392
실전 C언어 프로그래밍,14340,2.5,http://www.kocw.net/home/search/kemView.do?kemId=1287363
C언어기반 코딩교육,10823,3.7,http://www.kocw.net/home/search/kemView.do?kemId=1304848
c언어 컴퓨터 프로그래밍,40406,4,http://www.kocw.net/home/search/kemView.do?kemId=694958
누구나 따라하는 컴퓨터 프로그래밍,20609,4.3,http://www.kocw.net/home/search/kemView.do?kemId=1127939
객체지향언어의 이해,6036,5,http://www.kocw.net/home/search/kemView.do?kemId=1323571
C프로그래밍,31923,4,http://www.kocw.net/home/search/kemView.do?kemId=1192989
데이터구조,11177,5,http://www.kocw.net/home/search/kemView.do?kemId=1210945
IoT의 이해,19985,-1,http://www.kocw.net/home/search/kemView.do?kemId=1308543
마이크로콘투롤러(아두이노) 실습,14438,4,http://www.kocw.net/home/search/kemView.do?kemId=1259201
코딩교육 입문,7519,3.5,http://www.kocw.net/home/search/kemView.do?kemId=1306851
C프로그래밍실습,15399,4.8,http://www.kocw.net/home/search/kemView.do?kemId=1259017
기초컴퓨터프로그래밍,18333,-1,http://www.kocw.net/home/search/kemView.do?kemId=1327393
고급응용C프로그래밍,277,-1,http://www.kocw.net/home/search/kemView.do?kemId=1364421
자료구조,11419,5,http://www.kocw.net/home/search/kemView.do?kemId=1148862
기초프로그래밍,39060,4.6,http://www.kocw.net/home/search/kemView.do?kemId=153486
컴퓨터프로그래밍,20682,-1,http://www.kocw.net/home/search/kemView.do?kemId=989773
C++를 이용한 객체지향프로그래밍,6920,5,http://www.kocw.net/home/search/kemView.do?kemId=1352643
시스템 프로그래밍 기초,34406,5,http://www.kocw.net/home/search/kemView.do?kemId=1223639
시스템소프트웨어,17028,5,http://www.kocw.net/home/search/kemView.do?kemId=1223247
프로그래밍언어론,31134,2,http://www.kocw.net/home/search/kemView.do?kemId=147984
컴퓨터프로그래밍,20683,-1,http://www.kocw.net/home/search/kemView.do?kemId=989773
시스템프로그래밍,6727,-1,http://www.kocw.net/home/search/kemView.do?kemId=1272878
프로그래밍언어론,21084,-1,http://www.kocw.net/home/search/kemView.do?kemId=1214383
C프로그래밍기초,42140,3.3,http://www.kocw.net/home/search/kemView.do?kemId=159867
실전 C언어 프로그래밍,14341,2.5,http://www.kocw.net/home/search/kemView.do?kemId=1287363
JAVA프로그래밍,30064,2,http://www.kocw.net/home/search/kemView.do?kemId=613298
프로그래밍언어,41704,-1,http://www.kocw.net/home/search/kemView.do?kemId=1107633
프로그래밍언어론,4202,-1,http://www.kocw.net/home/search/kemView.do?kemId=1331791
객체지향프로그래밍,30466,2,http://www.kocw.net/home/search/kemView.do?kemId=1216847
윈도우프로그래밍 입문,30398,4.2,http://www.kocw.net/home/search/kemView.do?kemId=337184
문제 해결 중심의 C#프로그래밍,20312,-1,http://www.kocw.net/home/search/kemView.do?kemId=1189148
자바프로그래밍,23988,-1,http://www.kocw.net/home/search/kemView.do?kemId=1153491
빅데이터 프로그래밍,16575,-1,http://www.kocw.net/home/search/kemView.do?kemId=1285173
로봇 프로그래밍,7767,-1,http://www.kocw.net/home/search/kemView.do?kemId=1309975
자바와 함께하는 프로그래밍 기초,18972,-1,http://www.kocw.net/home/search/kemView.do?kemId=1188787
C언어프로그래밍,64150,4.8,http://www.kocw.net/home/search/kemView.do?kemId=1124895
JAVA프로그래밍1,961,5,http://www.kocw.net/home/search/kemView.do?kemId=1359936
MFC 윈도우 프로그래밍,57592,5,http://www.kocw.net/home/search/kemView.do?kemId=1054485
웹프로그래밍 설계 및 실습,34567,5,http://www.kocw.net/home/search/kemView.do?kemId=1132799
응용컴퓨터프로그래밍,1788,3,http://www.kocw.net/home/search/kemView.do?kemId=1344156
C++프로그래밍,65367,4.6,http://www.kocw.net/home/search/kemView.do?kemId=434160
C 프로그래밍 언어,9399,4.1,http://www.kocw.net/home/search/kemView.do?kemId=1150895
고급응용C프로그래밍,278,-1,http://www.kocw.net/home/search/kemView.do?kemId=1364421
매트랩을 이용한 프로그래밍 입문,22531,-1,http://www.kocw.net/home/search/kemView.do?kemId=1098115
프로그래밍 기초,4136,-1,http://www.kocw.net/home/search/kemView.do?kemId=1351017
기초컴퓨터프로그래밍,18334,-1,http://www.kocw.net/home/search/kemView.do?kemId=1327393
파이썬 프로그래밍,15813,4,http://www.kocw.net/home/search/kemView.do?kemId=1350990
자바 프로그래밍응용,25968,4.5,http://www.kocw.net/home/search/kemView.do?kemId=370684
JAVA프로그래밍2,627,-1,http://www.kocw.net/home/search/kemView.do?kemId=1360782
고급프로그래밍(가),6058,-1,http://www.kocw.net/home/search/kemView.do?kemId=1304536
C언어프로그래밍(1),523,-1,http://www.kocw.net/home/search/kemView.do?kemId=1360498
스크래치로 배우는 프로그래밍 기초,8854,-1,http://www.kocw.net/home/search/kemView.do?kemId=1317470
누구나 따라하는 컴퓨터 프로그래밍,20610,4.3,http://www.kocw.net/home/search/kemView.do?kemId=1127939
c언어 컴퓨터 프로그래밍,40407,4,http://www.kocw.net/home/search/kemView.do?kemId=694958
C프로그래밍실습,15400,4.8,http://www.kocw.net/home/search/kemView.do?kemId=1259017
C언어프로그래밍1,57863,4,http://www.kocw.net/home/search/kemView.do?kemId=1212436
기초프로그래밍,39061,4.6,http://www.kocw.net/home/search/kemView.do?kemId=153486
고급 C 프로그래밍,11464,4,http://www.kocw.net/home/search/kemView.do?kemId=1178264
C 프로그래밍,31668,3.8,http://www.kocw.net/home/search/kemView.do?kemId=693240
XG5000을 이용한 PLC 프로그래밍,100982,4.5,http://www.kocw.net/home/search/kemView.do?kemId=1065158
리눅스 프로그래밍,20398,4,http://www.kocw.net/home/search/kemView.do?kemId=1057358
예제 중심의 파이썬 프로그래밍 (기초편),17600,4,http://www.kocw.net/home/search/kemView.do?kemId=1265892
웹프로그래밍-데이터베이스 연계교육 동영상,13942,3,http://www.kocw.net/home/search/kemView.do?kemId=1127888
(통계프로그래밍과 분석을 위한) R 입문,109377,4.7,http://www.kocw.net/home/search/kemView.do?kemId=865312
프로그래밍 언어,28050,-1,http://www.kocw.net/home/search/kemView.do?kemId=1014986
프로그래밍언어,16156,5,http://www.kocw.net/home/search/kemView.do?kemId=1109886
C 언어 프로그래밍,10045,4,http://www.kocw.net/home/search/kemView.do?kemId=1252574
안드로이드 프로그래밍Ⅰ,17359,4,http://www.kocw.net/home/search/kemView.do?kemId=1189836
시스템 프로그래밍 기초,34407,5,http://www.kocw.net/home/search/kemView.do?kemId=1223639
프로그래밍 입문,1792,-1,http://www.kocw.net/home/search/kemView.do?kemId=1346214
Visual C# GUI 프로그래밍,22375,5,http://www.kocw.net/home/search/kemView.do?kemId=1265570
윈도우즈프로그래밍,7408,4.2,http://www.kocw.net/home/search/kemView.do?kemId=1302481
하드웨어프로그래밍,9275,-1,http://www.kocw.net/home/search/kemView.do?kemId=1323939
"웹 프로그래밍 입문, HTML5와 CSS5",15301,5,http://www.kocw.net/home/search/kemView.do?kemId=1348189
시스템프로그래밍,3111,3,http://www.kocw.net/home/search/kemView.do?kemId=1320435
프로그래밍: Java를 활용한,7932,5,http://www.kocw.net/home/search/kemView.do?kemId=1335217
C프로그래밍,21818,-1,http://www.kocw.net/home/search/kemView.do?kemId=983539
C++프로그래밍,7030,5,http://www.kocw.net/home/search/kemView.do?kemId=1330190
서버웹프로그래밍,12701,-1,http://www.kocw.net/home/search/kemView.do?kemId=1189727
안드로이드 프로그래밍,14473,5,http://www.kocw.net/home/search/kemView.do?kemId=1189791
스크래치 프로그래밍,23032,.8,http://www.kocw.net/home/search/kemView.do?kemId=1305157
안드로이드 심화 프로그래밍,6921,-1,http://www.kocw.net/home/search/kemView.do?kemId=1266511
리눅스활용 및 프로그래밍,26260,5,http://www.kocw.net/home/search/kemView.do?kemId=949047
Kotlin을 사용한 스마트 앱 프로그래밍,10183,-1,http://www.kocw.net/home/search/kemView.do?kemId=1319211
C프로그래밍실습,7043,5,http://www.kocw.net/home/search/kemView.do?kemId=1342804
통계프로그래밍 기초,4164,-1,http://www.kocw.net/home/search/kemView.do?kemId=1313769
"자바프로그래밍, 모바일프로그래밍(선후수 연계교과목)",24474,-1,http://www.kocw.net/home/search/kemView.do?kemId=949151
병렬프로그래밍,9883,4,http://www.kocw.net/home/search/kemView.do?kemId=1322170
C언어프로그래밍,46453,5,http://www.kocw.net/home/search/kemView.do?kemId=329452
C프로그래밍,31924,4,http://www.kocw.net/home/search/kemView.do?kemId=1192989
웹프로그래밍 응용,17888,1,http://www.kocw.net/home/search/kemView.do?kemId=1005373
C++를 이용한 객체지향프로그래밍,6921,5,http://www.kocw.net/home/search/kemView.do?kemId=1352643
리눅스 및 커널프로그래밍,22856,3.3,http://www.kocw.net/home/search/kemView.do?kemId=1266434
C언어기초,45570,3.2,http://www.kocw.net/home/search/kemView.do?kemId=1308462
SW 코딩의 기초,18274,3.5,http://www.kocw.net/home/search/kemView.do?kemId=1309896
로봇제어,23486,-1,http://www.kocw.net/home/search/kemView.do?kemId=1131623
데이터베이스시스템,40018,3,http://www.kocw.net/home/search/kemView.do?kemId=335836
"자바, 조금 더 공부하기",9109,-1,http://www.kocw.net/home/search/kemView.do?kemId=1319747
XML이론 및 실습,18374,-1,http://www.kocw.net/home/search/kemView.do?kemId=1145945
정보소프트웨어 교육방법,4575,-1,http://www.kocw.net/home/search/kemView.do?kemId=1310231
컴퓨터그래픽스,22121,4,http://www.kocw.net/home/search/kemView.do?kemId=335239
IoT 시스템 파헤쳐보기,15069,-1,http://www.kocw.net/home/search/kemView.do?kemId=1265774
창의적 문제해결,9244,5,http://www.kocw.net/home/search/kemView.do?kemId=1191369
빅데이터 분석,8742,4.5,http://www.kocw.net/home/search/kemView.do?kemId=1335286
형식언어,8948,-1,http://www.kocw.net/home/search/kemView.do?kemId=1303234
이산수학,1524,5,http://www.kocw.net/home/search/kemView.do?kemId=1352812
C언어 기초,69030,2.8,http://www.kocw.net/home/search/kemView.do?kemId=670267
자료구조,11420,5,http://www.kocw.net/home/search/kemView.do?kemId=1148862
사물인터넷 컴퓨팅,17083,0,http://www.kocw.net/home/search/kemView.do?kemId=1310050
알고리즘,34296,5,http://www.kocw.net/home/search/kemView.do?kemId=1148815
알고리즘과 문제해결,15898,-1,http://www.kocw.net/home/search/kemView.do?kemId=1310135
"HTML5, CSS3, Javascript 기반의 웹 서비스 개발",15820,-1,http://www.kocw.net/home/search/kemView.do?kemId=1319411
계량경제학,24830,5,http://www.kocw.net/home/search/kemView.do?kemId=1221103
데이터구조,11178,5,http://www.kocw.net/home/search/kemView.do?kemId=1210945
블록코딩과 피지컬 컴퓨팅의 이해,9097,5,http://www.kocw.net/home/search/kemView.do?kemId=1305046
코딩 실무영어,4758,-1,http://www.kocw.net/home/search/kemView.do?kemId=1306737
수치해석,6976,5,http://www.kocw.net/home/search/kemView.do?kemId=1344106
마이크로프로세서 응용 및 설계,38588,4.3,http://www.kocw.net/home/search/kemView.do?kemId=734293
데이터베이스시스템,44219,5,http://www.kocw.net/home/search/kemView.do?kemId=1197402
